Ќомер текста; лючевые слова;—ведение;Title;URL;keywords;description;content 1;content 2;content 3;H1;H2;H3;анонс;strong;анкор миралинкс 1;полный урл;анкор миралинкс 2;полный урл;param1;param2;param3;анкор дл€ гогетлинкс
1;фильтры дл€ ум€гчени€ воды;;‘ильтр ум€гчение;filtr_umyagchenie;фильтр ум€гчение;;;;;;;;;;фильтр ум€гчение;;;;;;;
;фильтра дл€ очистки и ум€гчени€ водопроводной воды;;;;;;;;;;;;;;;;;;;;;
;поликарбонатные фильтра дл€ ум€гчени€ воды;;;;;;;;;;;;;;;;;;;;;
;магистральные фильтры дл€ ум€гчени€ воды;;;;;;;;;;;;;;;;;;;;;
;фильтры дл€ очистки воды кухн€ ум€гчение;;;;;;;;;;;;;;;;;;;;;
;фильтр барьер ум€гчение воды;;;;;;;;;;;;;;;;;;;;;
;фильтры дл€ ум€гчени€ м€гкой воды;;;;;;;;;;;;;;;;;;;;;
;фильтры керамические дл€ ум€гчени€ воды;;;;;;;;;;;;;;;;;;;;;
;фильтры дл€ ум€гчени€ воды фотон;;;;;;;;;;;;;;;;;;;;;
;фильтры дл€ ум€гчени€ воды в казани;;;;;;;;;;;;;;;;;;;;;
;как установить фильтр ум€гчени€ воды;;;;;;;;;;;;;;;;;;;;;
;дешевый фильтр дл€ ум€гчени€ воды;;;;;;;;;;;;;;;;;;;;;
;вод€ные фильтры дл€ ум€гчени€ воды;;;;;;;;;;;;;;;;;;;;;
;продам фильтр дл€ ум€гчени€ воды;;;;;;;;;;;;;;;;;;;;;
;фильтр дл€ очистки и ум€гчени€ воды;;;;;;;;;;;;;;;;;;;;;
;фильтры дл€ воды ум€гчение воды;;;;;;;;;;;;;;;;;;;;;
;фильтры дл€ ум€гчени€ воды в армении;;;;;;;;;;;;;;;;;;;;;
;фильтр ум€гчение;;;;;;;;;;;;;;;;;;;;;
;фильтра по доочистки и ум€гчению воды дл€ 3м ч;;;;;;;;;;;;;;;;;;;;;
;фильтры на ум€гчение воды американские;;;;;;;;;;;;;;;;;;;;;
;ум€гчение воды фильтр ум€гчени€ воды дл€ вас;;;;;;;;;;;;;;;;;;;;;
;фильтр дл€ воды нитраты ум€гчение;;;;;;;;;;;;;;;;;;;;;
;ум€гчение и очистка воды;;;;;;;;;;;;;;;;;;;;;
;аппарат дл€ очистки и ум€гчени€ воды;;;;;;;;;;;;;;;;;;;;;
;очистка и ум€гчение воды очистка воды;;;;;;;;;;;;;;;;;;;;;
;очистка воды ум€гчение;;;;;;;;;;;;;;;;;;;;;
;очистка воды ум€гчение воды;;;;;;;;;;;;;;;;;;;;;
;ум€гчение очистка от хлора;;;;;;;;;;;;;;;;;;;;;
;чем отличаетс€ очистка от ум€гчени€ воды;;;;;;;;;;;;;;;;;;;;;
;ультрафильтр дл€ очистки и ум€гчени€ воды;;;;;;;;;;;;;;;;;;;;;
;очистки ум€гчение;;;;;;;;;;;;;;;;;;;;;
;очистка воды от нитратов и ум€гчение;;;;;;;;;;;;;;;;;;;;;
;;;;;;;;;;;;;;;;;;;;;;
;;;;;;;;;;;;;;;;;;;;;;
;;;;;;;;;;;;;;;;;;;;;;
;;;;;;;;;;;;;;;;;;;;;;
;;;;;;;;;;;;;;;;;;;;;;
;;;;;;;;;;;;;;;;;;;;;;
;;;;;;;;;;;;;;;;;;;;;;
;;;;;;;;;;;;;;;;;;;;;;
;;;;;;;;;;;;;;;;;;;;;;
;;;;;;;;;;;;;;;;;;;;;;
;;;;;;;;;;;;;;;;;;;;;;
;;;;;;;;;;;;;;;;;;;;;;
;;;;;;;;;;;;;;;;;;;;;;
;;;;;;;;;;;;;;;;;;;;;;
;;;;;;;;;;;;;;;;;;;;;;
;;;;;;;;;;;;;;;;;;;;;;
;;;;;;;;;;;;;;;;;;;;;;
;;;;;;;;;;;;;;;;;;;;;;
;;;;;;;;;;;;;;;;;;;;;;
;;;;;;;;;;;;;;;;;;;;;;
2;схема очистки воды ум€гчение воды;;—хема ум€гчени€ воды;skhema_umyagcheniya_vody;схема ум€гчени€ воды;;;;;;;;;;схема ум€гчени€ воды;;;;;;;
;ум€гчение воды технологические схемы;;;;;;;;;;;;;;;;;;;;;
;двухступенчата€ схема ум€гчени€ воды избыточным количеством извести;;;;;;;;;;;;;;;;;;;;;
;двухступенчата€ схема ум€гчении воды;;;;;;;;;;;;;;;;;;;;;
;схемы системы ум€гчени€ воды;;;;;;;;;;;;;;;;;;;;;
;схемы установки ум€гчени€ воды;;;;;;;;;;;;;;;;;;;;;
;схема ум€гчени€ воды;;;;;;;;;;;;;;;;;;;;;
;ум€гчени€ воды по одноступенчатой схеме;;;;;;;;;;;;;;;;;;;;;
;установка ум€гчени€ воды схема работы;;;;;;;;;;;;;;;;;;;;;
;технологическа€ схема системы ум€гчени€ воды;;;;;;;;;;;;;;;;;;;;;
;фильтр ум€гчени€ воды схема сборки;;;;;;;;;;;;;;;;;;;;;
;схема системы ум€гчени€;;;;;;;;;;;;;;;;;;;;;
;монтажна€ схема ум€гчени€ воды;;;;;;;;;;;;;;;;;;;;;
;схемы установки системы ум€гчени€ воды;;;;;;;;;;;;;;;;;;;;;
;схема расключени€ установки ум€гчени€ воды;;;;;;;;;;;;;;;;;;;;;
;схема установки фильтра ум€гчени€ воды;;;;;;;;;;;;;;;;;;;;;
;схема установки установок ум€гчени€ воды;;;;;;;;;;;;;;;;;;;;;
;схема обв€зки установки ум€гчени€ воды;;;;;;;;;;;;;;;;;;;;;
;технологическа€ схема установки ум€гчени€;;;;;;;;;;;;;;;;;;;;;
;установка ум€гчени€ схема;;;;;;;;;;;;;;;;;;;;;
;схема бака установки ум€гчени€;;;;;;;;;;;;;;;;;;;;;
;схема подключени€ ум€гчени€ воды;;;;;;;;;;;;;;;;;;;;;
;принципиальна€ схема ум€гчени€ воды;;;;;;;;;;;;;;;;;;;;;
;ум€гчение технологической воды;;;;;;;;;;;;;;;;;;;;;
